<annotation>
	<folder>nitin_img</folder>
	<filename>nitin(7).jpg</filename>
	<path>/home/imranshaikh/Desktop/nitin_img-20221011T121214Z-001/nitin_img/nitin(7).jpg</path>
	<source>
		<database>Unknown</database>
	</source>
	<size>
		<width>937</width>
		<height>527</height>
		<depth>3</depth>
	</size>
	<segmented>0</segmented>
	<object>
		<name>nitin</name>
		<pose>Unspecified</pose>
		<truncated>0</truncated>
		<difficult>0</difficult>
		<bndbox>
			<xmin>536</xmin>
			<ymin>239</ymin>
			<xmax>754</xmax>
			<ymax>340</ymax>
		</bndbox>
	</object>
</annotation>
