<annotation>
	<folder>images</folder>
	<filename>nitin(3).jpg</filename>
	<path>/home/imranshaikh/Desktop/nitin_img/nitin_img/images/nitin(3).jpg</path>
	<source>
		<database>Unknown</database>
	</source>
	<size>
		<width>1080</width>
		<height>1920</height>
		<depth>3</depth>
	</size>
	<segmented>0</segmented>
	<object>
		<name>nitin</name>
		<pose>Unspecified</pose>
		<truncated>0</truncated>
		<difficult>0</difficult>
		<bndbox>
			<xmin>362</xmin>
			<ymin>668</ymin>
			<xmax>783</xmax>
			<ymax>1236</ymax>
		</bndbox>
	</object>
</annotation>
