<annotation>
	<folder>nitin_img</folder>
	<filename>nitin(16).jpg</filename>
	<path>/home/imranshaikh/Desktop/nitin_img-20221011T121214Z-001/nitin_img/nitin(16).jpg</path>
	<source>
		<database>Unknown</database>
	</source>
	<size>
		<width>864</width>
		<height>1536</height>
		<depth>3</depth>
	</size>
	<segmented>0</segmented>
	<object>
		<name>nitin</name>
		<pose>Unspecified</pose>
		<truncated>0</truncated>
		<difficult>0</difficult>
		<bndbox>
			<xmin>350</xmin>
			<ymin>453</ymin>
			<xmax>614</xmax>
			<ymax>867</ymax>
		</bndbox>
	</object>
</annotation>
