<annotation>
	<folder>nitin_img</folder>
	<filename>nitin(12).jpg</filename>
	<path>/home/imranshaikh/Desktop/nitin_img-20221011T121214Z-001/nitin_img/nitin(12).jpg</path>
	<source>
		<database>Unknown</database>
	</source>
	<size>
		<width>923</width>
		<height>1640</height>
		<depth>3</depth>
	</size>
	<segmented>0</segmented>
	<object>
		<name>nitin</name>
		<pose>Unspecified</pose>
		<truncated>0</truncated>
		<difficult>0</difficult>
		<bndbox>
			<xmin>237</xmin>
			<ymin>560</ymin>
			<xmax>682</xmax>
			<ymax>1057</ymax>
		</bndbox>
	</object>
</annotation>
