<annotation>
	<folder>ujwal</folder>
	<filename>ujwal(9).jpg</filename>
	<path>/home/imranshaikh/Desktop/ujwal/ujwal(9).jpg</path>
	<source>
		<database>Unknown</database>
	</source>
	<size>
		<width>612</width>
		<height>816</height>
		<depth>3</depth>
	</size>
	<segmented>0</segmented>
	<object>
		<name>ujwal</name>
		<pose>Unspecified</pose>
		<truncated>0</truncated>
		<difficult>0</difficult>
		<bndbox>
			<xmin>206</xmin>
			<ymin>191</ymin>
			<xmax>444</xmax>
			<ymax>565</ymax>
		</bndbox>
	</object>
</annotation>
