<annotation>
	<folder>ujwal</folder>
	<filename>ujwal(1).jpg</filename>
	<path>/home/imranshaikh/Desktop/ujwal/ujwal(1).jpg</path>
	<source>
		<database>Unknown</database>
	</source>
	<size>
		<width>750</width>
		<height>1000</height>
		<depth>3</depth>
	</size>
	<segmented>0</segmented>
	<object>
		<name>ujwal</name>
		<pose>Unspecified</pose>
		<truncated>0</truncated>
		<difficult>0</difficult>
		<bndbox>
			<xmin>353</xmin>
			<ymin>90</ymin>
			<xmax>497</xmax>
			<ymax>248</ymax>
		</bndbox>
	</object>
</annotation>
