<annotation>
	<folder>ujwal</folder>
	<filename>ujwal(10).jpg</filename>
	<path>/home/imranshaikh/Desktop/ujwal/ujwal(10).jpg</path>
	<source>
		<database>Unknown</database>
	</source>
	<size>
		<width>750</width>
		<height>1000</height>
		<depth>3</depth>
	</size>
	<segmented>0</segmented>
	<object>
		<name>ujwal</name>
		<pose>Unspecified</pose>
		<truncated>0</truncated>
		<difficult>0</difficult>
		<bndbox>
			<xmin>342</xmin>
			<ymin>338</ymin>
			<xmax>394</xmax>
			<ymax>411</ymax>
		</bndbox>
	</object>
</annotation>
