<annotation>
	<folder>ujwal</folder>
	<filename>ujwal(8).jpg</filename>
	<path>/home/imranshaikh/Desktop/ujwal/ujwal(8).jpg</path>
	<source>
		<database>Unknown</database>
	</source>
	<size>
		<width>461</width>
		<height>1000</height>
		<depth>3</depth>
	</size>
	<segmented>0</segmented>
	<object>
		<name>ujwal</name>
		<pose>Unspecified</pose>
		<truncated>0</truncated>
		<difficult>0</difficult>
		<bndbox>
			<xmin>89</xmin>
			<ymin>207</ymin>
			<xmax>165</xmax>
			<ymax>347</ymax>
		</bndbox>
	</object>
</annotation>
