<annotation>
	<folder>ujwal</folder>
	<filename>ujwal(5).jpg</filename>
	<path>/home/imranshaikh/Desktop/ujwal/ujwal(5).jpg</path>
	<source>
		<database>Unknown</database>
	</source>
	<size>
		<width>750</width>
		<height>1000</height>
		<depth>3</depth>
	</size>
	<segmented>0</segmented>
	<object>
		<name>ujwal</name>
		<pose>Unspecified</pose>
		<truncated>0</truncated>
		<difficult>0</difficult>
		<bndbox>
			<xmin>136</xmin>
			<ymin>204</ymin>
			<xmax>237</xmax>
			<ymax>336</ymax>
		</bndbox>
	</object>
</annotation>
