<annotation>
	<folder>ujwal</folder>
	<filename>ujwal(6).jpg</filename>
	<path>/home/imranshaikh/Desktop/ujwal/ujwal(6).jpg</path>
	<source>
		<database>Unknown</database>
	</source>
	<size>
		<width>750</width>
		<height>1000</height>
		<depth>3</depth>
	</size>
	<segmented>0</segmented>
	<object>
		<name>ujwal</name>
		<pose>Unspecified</pose>
		<truncated>0</truncated>
		<difficult>0</difficult>
		<bndbox>
			<xmin>297</xmin>
			<ymin>155</ymin>
			<xmax>410</xmax>
			<ymax>271</ymax>
		</bndbox>
	</object>
</annotation>
