<annotation>
	<folder>ujwal</folder>
	<filename>ujwal(2).jpg</filename>
	<path>/home/imranshaikh/Desktop/ujwal/ujwal(2).jpg</path>
	<source>
		<database>Unknown</database>
	</source>
	<size>
		<width>1000</width>
		<height>750</height>
		<depth>3</depth>
	</size>
	<segmented>0</segmented>
	<object>
		<name>ujwal</name>
		<pose>Unspecified</pose>
		<truncated>0</truncated>
		<difficult>0</difficult>
		<bndbox>
			<xmin>444</xmin>
			<ymin>224</ymin>
			<xmax>570</xmax>
			<ymax>460</ymax>
		</bndbox>
	</object>
</annotation>
