<annotation>
	<folder>ujwal</folder>
	<filename>ujwal(7).jpg</filename>
	<path>/home/imranshaikh/Desktop/ujwal/ujwal(7).jpg</path>
	<source>
		<database>Unknown</database>
	</source>
	<size>
		<width>376</width>
		<height>816</height>
		<depth>3</depth>
	</size>
	<segmented>0</segmented>
	<object>
		<name>ujwal</name>
		<pose>Unspecified</pose>
		<truncated>0</truncated>
		<difficult>0</difficult>
		<bndbox>
			<xmin>81</xmin>
			<ymin>190</ymin>
			<xmax>323</xmax>
			<ymax>455</ymax>
		</bndbox>
	</object>
</annotation>
